,count,mean,std,min,25%,50%,75%,max
Air temperature [K],10000.0,300.00493,2.000258682915751,295.3,298.3,300.1,301.5,304.5
Process temperature [K],10000.0,310.00556,1.4837342191657208,305.7,308.8,310.1,311.1,313.8
Rotational speed [rpm],10000.0,1538.7761,179.2840959134266,1168.0,1423.0,1503.0,1612.0,2886.0
Torque [Nm],10000.0,39.986909999999995,9.968933725121337,3.8,33.2,40.1,46.8,76.6
Tool wear [min],10000.0,107.951,63.654146636636355,0.0,53.0,108.0,162.0,253.0
Temperature Difference,10000.0,10.00063,1.0010938127779023,7.599999999999966,9.299999999999955,9.800000000000011,11.0,12.100000000000023
Mechanical Power,10000.0,6279.744953253429,1067.4182951178793,1148.4406104462846,5561.18448353158,6271.0273436101925,7003.002723933348,10469.923004765633
